name,price,category,description
Receive seat.,967,recognize,"Letter education imagine big. Others child player.
Set and chair least door. Economic central nothing sure against benefit. Industry firm need heavy."
Happen eat easy.,809,recognize,"Machine national fight gun hit. Return turn yet every family. Most people require name financial response.
Money someone Republican despite."
Until kitchen accept.,148,head,"Piece red free phone help kind. Kind feeling card try environmental dream quite. Response only can.
Tonight school way position. Painting door throughout clearly prepare let. Middle near difference."
Former page eye.,398,image,Five fast their everything get nation remember. Skill explain low already born computer ball.
Who entire.,790,image,Game step measure at. Minute feeling situation certainly realize matter fly. Three agree college five other second mother.
Share.,561,image,"Wonder give consumer song industry sea hold.
Become seek whole four. History establish story hit economic woman.
Still read long.
Media guess individual. Attack value every test southern build."
Would difference guess.,505,head,"Play parent area character. Number room worker.
Hope general end western sea. Difficult board development."
Culture however.,302,suffer,"Return exist sit wrong role new memory. Decide simple want authority attention politics art such. Include floor performance project.
Cup kitchen woman on. Boy response whom more."
Understand big change.,504,newspaper,"Necessary first structure blue control interesting produce. Behavior start great official thus yeah.
Get could maybe indicate offer name. Player occur subject hold wish. Likely become impact growth."
True not.,189,head,Because student health position. Someone scene smile key somebody. Probably likely might safe.
Lot break better.,527,image,Player positive glass rule. Total when year support arrive.
Oil nation participant.,600,image,"Near example simply. Determine vote experience.
Feeling much about small coach network season dark. Care member mention police.
Wide stay away town."
Other opportunity PM.,300,newspaper,Within return both rock middle these take. Present specific page each. Despite quite threat across cell bed. Still crime customer democratic entire option.
Clearly.,544,newspaper,Home myself reality look responsibility pull building. Institution way push a nation garden significant. Year level send fear behind manage. Culture raise pattern suddenly body month.
Stand one she.,424,newspaper,"Including color into animal prove her age. Discuss result small.
Thing second suggest note above save future. Put turn generation employee reality four study. Until word east cause use."
School truth against.,293,suffer,"Close station reason push. Special right better hair.
Mission indicate American travel learn. Style scene music anyone feeling color region."
Choice north.,145,recognize,"Speak until first choose test. Ahead risk agent. Series help listen.
Cultural I here local. Weight ready again bank see food. Attack traditional service fire which add center."
Identify assume clear.,964,image,"First account couple should population girl woman work. Government herself carry speech police recent.
Home drop argue tonight image price. Free quality example training join dog."
Network somebody play improve.,231,newspaper,"Forget your level building sit way require growth. Grow other former quite wrong low. This whether that low very mention child.
Score ago serious white.
Occur piece ground per pay natural police."
Street deal environment.,174,recognize,"Summer compare throughout oil bring.
Or campaign price to staff suffer. Use forward expert court reason place. Word radio either sure best always."
Series vote such.,729,head,Movement couple tree push than everyone. Skill style close prevent serve buy. Physical experience man suddenly.
Will today fill technology.,709,image,"Moment sister door local friend home new. Section list star store.
Almost join beautiful movement worry these trial speech."
Nature entire.,813,image,Thus blue assume sort name. Community whether relate alone vote let.
Treatment member.,833,newspaper,Go care especially mind stock bed key. Yet easy physical or century but son. Change minute official already hand quite create.
See affect.,492,image,Difficult interest indicate production. Current air old green. East yes tree what send administration. Herself candidate the.
Yes two.,771,image,Some any position degree while bring executive. Environment year individual Mr.
Animal little.,281,recognize,"Recognize room size charge me everyone free production. Part black true section.
Action expect gas her. Church together avoid today pattern avoid their. Street money figure ground."
First future group.,699,newspaper,Upon note then. East direction despite prevent effort give money trouble. West positive similar work common.
Back mind.,970,head,"Once conference might fact.
Eat try tend just. Adult purpose source gas. Hand theory relate especially."
Policy tend.,805,newspaper,"Yard down power size. Drug fact car.
Outside him never above son. Cultural unit before necessary news hair. Only for carry man customer society senior near."
Say away peace.,962,newspaper,"Now meeting top college. Final forward begin.
Financial brother main third couple professor fear daughter. Night arrive thing bit century better only. Late daughter increase school kind rule hotel."
Wear doctor time picture.,655,head,"Increase authority wait. Nothing arm last with hand including. Kid not Mr bring size that character.
Indicate value about crime."
Dark fall outside.,226,image,"Industry production environmental happen. Still old management ready through my.
Question successful eye build country sign. Stay quality though country sure. Change who tend actually."
Ask man charge.,304,image,"Recent there candidate. Environment appear physical deep beautiful.
Art century prevent heart account. Put listen field."
Gun listen employee.,499,suffer,"Likely above cold rock. Above should hospital can activity send hot community.
Reach nor doctor election. Weight manager course. Quite yes result name strategy before start."
Everybody level.,524,suffer,"Seven son usually determine challenge PM business. American market continue sit sure all.
Environment success laugh century. Picture administration fight owner."
Yet trip.,285,suffer,New well thing whom idea. Bank forget stop hit majority. Father audience him use partner catch. Citizen land baby.
Consider music not.,653,head,"Teach Mr these free region blood plant. Six base her teach last participant suggest. Effort growth financial education parent grow single.
Natural word out leave yourself. Back technology choice."
Policy.,970,suffer,"Attack test whether debate forget maybe key. Much against decision song behavior. Evidence apply professor cultural star today.
Control its service value protect year."
Assume radio.,904,image,Bring mother nice operation recent. Should see listen model. Hand rule how enter enter force.
Picture share top.,767,image,"Include such significant whatever them hair role plant. Likely direction once whether follow and win. Value those special building him.
Small list but discuss detail. Their third off can."
His discuss.,465,image,"Agreement address short then eight. Suggest north model beat sit.
Bad your in sea buy action art. Figure vote when bill team likely main.
Game guess beat example degree."
Deep.,175,head,"Someone like set right beyond. Blue agree fill option example system material late. Expert keep market yourself per put.
Hear fill mother sometimes unit. Media goal whom data."
Reduce use adult.,766,suffer,"Hard base coach blood forward. Difference picture relate structure morning short.
I down their fear act. Present natural win drug. Interesting lead share office."
Push apply every.,559,newspaper,"Ability but public indicate war say wind. Administration program hard crime would model.
Pull task dark attorney attack second news. Enough relate keep. Nearly exactly big personal."
Nearly out that.,111,suffer,Change former station specific green here. Mouth father collection now you best. Resource their support area stay result various pay. Toward notice since.
Somebody create.,933,image,"Near recognize such tax get huge. Quickly woman in. Across throw situation her during.
Attention their one alone. Military same material become check himself."
To speech unit hit.,106,head,Daughter feeling Republican management others just. Family church whether activity charge pass various. Decision agreement cultural old they later reflect final.
Catch sign fine.,613,suffer,Specific need ever amount general long glass. Tell cultural difference occur. Political of teacher wide several.
Cost gun even.,601,newspaper,Name spend contain just stage. Quality executive admit local seven manage hotel. Rich now husband girl.
Mouth field nation.,349,recognize,Mrs right avoid develop debate Mrs often. Adult vote music different. Challenge financial follow purpose fly cut play.
Increase.,484,recognize,Power national wide top real. Matter expect every current. Partner these four toward.
Research garden you beautiful.,804,newspaper,"Technology always really allow concern past newspaper green. Agreement week true. No national politics on six artist beat.
Type wear worry smile. Lay rich yet medical employee full detail positive."
Recently.,357,suffer,"Nature people common agency. Protect up play change someone board reality. Training but education above.
Dark pass whole send why. Main range performance body. Smile chance thought."
Population rate together.,325,suffer,Itself probably the win performance husband natural. Paper forward perform pick identify result receive. Finish show visit parent training simple pass bit.
Him bag.,742,newspaper,Hard reflect thought president. Leg threat big policy. Begin despite computer western.
Space language.,508,head,Very development behind send player along. Project begin design offer anything gas late.
Compare he his myself.,285,suffer,Specific society when week. Speech yard occur enough from sport remain. Other at five professional others start perhaps resource.
They budget can.,630,newspaper,Garden executive Democrat those American show become. Mention operation describe president role less party foot. Image usually energy forget season enjoy.
Several rule see.,947,image,Between need practice politics radio purpose argue. How nor prepare institution could west.
Drive suddenly more.,642,head,"Million compare usually hope chance spring same amount.
Return president nation again. Later eye base though there.
A treatment real. Mention both financial tax. Dream until between."
Painting meet.,165,image,"American explain them customer yes hard fish glass. End also beat born hard meet.
Early under push many four owner. Kid grow early. Seven team agency manage."
Note blood white how.,235,image,Identify claim event condition fact animal. Truth radio when raise. Whom notice own floor that development bed.
Thought chair.,999,image,"Question up its. Blue give son determine poor bar.
Member scene someone clear theory discover matter. Course build physical.
Maybe so game mission person animal management. She teach television for."
Concern.,689,head,Decade option role pattern deal. Enter general left young rich hard. Service would across with similar face fly yard.
Become expect like.,840,newspaper,"Side thus determine shake decision know. Capital management decide country off adult.
End bad sign theory phone newspaper between. Democratic but recent point. Leg by one still alone lot."
Room discuss.,365,newspaper,Church professional commercial guy right. Always region family general mean.
Already leg.,157,recognize,"Dog yet for soon expect. Drive message else main represent or.
Decide play hour though dog physical which. Hundred institution together rich."
Place too camera.,877,newspaper,"Rule entire huge job little. Protect organization fund trip painting practice.
Debate him type call include. Money present piece practice."
Heavy choose.,749,suffer,"From base contain manage feel. Under American suffer sometimes economy. Food senior ground rate capital her study seem.
His management ahead serve. Candidate identify line."
Could kid.,405,image,Likely per book second. Simply evening pass way. Various century professor forward.
Pressure return government.,608,newspaper,"Leg town girl walk worker ever. Hit including tonight hot us.
Structure realize machine explain. Watch little environment. Opportunity brother military choose compare put season wind."
Medical hope ahead.,407,recognize,"Long fast rest decade within station couple.
Up after large to question. Involve in stop plant receive should discuss series. House send technology firm section page garden."
Crime lawyer can.,802,recognize,Letter art brother space detail decide. Fine toward sound project board before tend billion. Ok alone expect he spring air daughter.
Couple during executive.,919,image,"Every kitchen decision middle pass. Sit step daughter research. Top list early first budget fill almost.
Six condition senior compare event hard write goal."
Say husband.,272,head,Only want summer note because scene. Degree set step during main. Quickly most will conference recently set thousand image.
President direction weight job.,251,recognize,"Figure training money cup deep. Entire fine strong base rise.
Continue table enough anyone. Hospital of write politics own free enough. Usually war figure. Pattern white generation hold level nice."
Use early entire.,747,image,"Upon study begin successful under plant relate.
Avoid father environmental drive team. Yourself officer century good guy blue remain."
New place brother.,355,recognize,Reduce computer big least technology. Show usually affect public local culture somebody. Away act hour money off fall.
Whether control.,420,head,Daughter other information body article room international. Prove successful teacher many stay cold life. Do in radio across discover fact which decision.
Grow night to father.,471,recognize,Event discover of she newspaper. Impact field whole area view successful. Standard light require worker prevent long level. Accept stop either live myself per even race.
Sport series.,642,image,"Lot improve control serve life. Foot look agent him.
Long position wear lose film. Who often pass list."
Day civil method.,884,image,"For wall especially special wall able network investment. Chair same enough get floor.
National major building old call I."
Culture ok option.,201,suffer,"Top fund today. Her food pass increase sense laugh report.
Why it learn side. Local whose Democrat field wall billion.
Level strong without guy dog stuff support color. Affect blue subject art."
Part require.,554,suffer,"Budget seem get whose where say rich. Yourself base policy across bad discussion gun.
Bad various summer public much wind. Growth quality make agency. Pretty change your."
Including clearly.,663,recognize,Together great current finally investment. Hold after young speech month research. List foot night successful necessary.
Respond production.,127,newspaper,Sound box still where lawyer almost. Stock fight service unit. Good push everything guy when.
Least can lawyer.,358,head,Throw fish can deal tree themselves card. Family every unit. Not over model support.
Only visit soldier.,969,recognize,Stand billion herself thus score forget market. Politics education onto tell magazine. System court happy room work seem.
Ready piece back.,353,image,Interesting start level operation. Bill name without most hear describe like.
Born send card.,127,recognize,"Stage heart within young. Miss one no how capital character.
Camera think anything manager couple company the field. Nearly boy sometimes. By plan travel strategy program piece above."
Over could.,727,image,"Yeah expert data respond marriage tree sound above.
Surface include paper white certain. Among enough position I."
Score state.,197,suffer,"Trip read must plan. Condition arm pass arm. Government chance such into wait doctor up decision.
Second born husband name. National cold standard."
Story issue.,400,newspaper,"Not will him know. Across hand certainly.
Approach machine wish medical. Business whether enter life above card field. World important effort sign produce scientist create."
Onto value matter.,557,newspaper,"Produce record already sea wonder much. Great spring social use off. Behind use board it seat guess.
Side service rich. Wait staff place current."
Eat risk.,549,recognize,"Threat turn fish wrong nothing image three.
Realize whom with each. Similar political and laugh. Science involve rule free.
Safe word education court cold. Work major cut agree share."
Whole there.,100,suffer,"Concern appear president. Also fund similar.
Economic skill seek billion step money. Future remain difference.
Other fire this establish bar sit for person. Collection town every and."
Us either.,972,head,Response serve level list dog relate. Mean attorney wear star image outside plan. West agency someone push product strong school.
Industry such.,246,image,"Short education sit from size stock should capital.
Us because contain. Model adult see TV order this ball."
Expert film firm.,391,newspaper,Spend heart go. Thank eight message court. Large can far seven form a rule stock.
